                  epoch,         train/box_loss,         train/cls_loss,         train/dfl_loss,   metrics/precision(B),      metrics/recall(B),       metrics/mAP50(B),    metrics/mAP50-95(B),           val/box_loss,           val/cls_loss,           val/dfl_loss,                 lr/pg0,                 lr/pg1,                 lr/pg2
                      1,                 1.1593,                0.98728,                0.81481,                0.82897,                0.56943,                0.66509,                0.39647,                 1.1205,                0.68742,                 0.8072,             0.00041394,             0.00041394,             0.00041394
                      2,                 1.1169,                0.65519,                0.80972,                0.78588,                0.62495,                0.68197,                0.41876,                0.99323,                0.56246,                0.80343,             0.00066615,             0.00066615,             0.00066615
                      3,                 1.1072,                0.62511,                0.80708,                0.87028,                0.62397,                0.72103,                0.44407,                  1.011,                0.57006,                0.80447,             0.00075336,             0.00075336,             0.00075336
                      4,                 1.0734,                0.58376,                0.80212,                0.84021,                0.68846,                0.71796,                0.45806,                 1.0238,                0.52582,                0.80602,              0.0005075,              0.0005075,              0.0005075
                      5,                0.97035,                0.50391,                 0.7959,                0.88278,                0.70671,                0.75786,                0.49863,                0.89303,                0.46848,                0.79471,                0.00026,                0.00026,                0.00026
